Name,Age,Marks,Passed
Jessica Johnson,22,65,True
Brian Rodriguez,19,93,True
Timothy Miller,24,52,True
Jane Miller,21,64,True
Jeffrey Adams,18,85,True
William King,24,64,True
Ryan Baker,22,50,True
Robert Walker,23,67,True
Amanda Thomas,23,56,True
Sarah Clark,19,72,True
Christopher Adams,22,52,True
Amber King,19,74,True
Sarah Scott,22,90,True
Chelsea Harris,21,95,True
Michael Williams,21,99,True
Matthew Miller,21,56,True
Joseph Jackson,25,90,True
Brittany Martinez,23,72,True
Stephanie Jackson,19,88,True
Robert King,21,60,True
Amber Clark,22,90,True
Taylor Hernandez,23,99,True
Emily Hernandez,18,70,True
Rachel Jackson,19,63,True
Gary Lopez,21,91,True
Kayla Lewis,25,59,True
Kevin Rodriguez,21,97,True
Taylor King,22,97,True
Kimberly Walker,24,73,True
Brian Rodriguez,25,55,True
Emily Garcia,20,90,True
Robert Walker,19,74,True
Joseph Adams,25,83,True
Kevin Scott,18,93,True
Jessica King,22,99,True
Megan Garcia,22,77,True
Robert Hall,18,96,True
Kevin Sanchez,20,82,True
David White,21,59,True
Brittany Martinez,18,88,True
Daniel Allen,18,57,True
Brittany White,21,53,True
Nicole Green,19,55,True
Kayla Jones,20,58,True
Joshua Scott,20,66,True
Danielle Adams,24,63,True
Timothy Taylor,22,75,True
Brittany Perez,25,57,True
Nicole Hernandez,19,71,True
Jane Baker,21,87,True
Brian Smith,19,95,True
Emily Hernandez,19,52,True
Megan Jones,21,67,True
Kayla Thomas,20,96,True
Gary Green,25,65,True
Joshua Robinson,21,56,True
David Walker,23,77,True
Andrew Hall,18,93,True
David Brown,24,96,True
Megan Davis,21,62,True
William King,25,58,True
Lauren Anderson,22,79,True
Nicole Jones,25,85,True
David Brown,18,55,True
Nicole Martinez,24,81,True
Joshua Thomas,24,53,True
Robert Clark,18,74,True
Kevin Hall,22,77,True
Taylor Allen,20,62,True
Matthew Thomas,18,87,True
Timothy Brown,23,53,True
Emily Baker,25,82,True
Danielle Martinez,18,82,True
Sarah Anderson,19,88,True
Michael Moore,24,57,True
Gary Moore,18,89,True
Sarah Robinson,23,66,True
Stephanie Lopez,21,66,True
Rachel Rodriguez,22,79,True
Daniel Jones,18,79,True
Chelsea Green,19,54,True
Timothy Thomas,22,58,True
Christopher Jones,21,73,True
Matthew Martinez,25,84,True
Ashley Nelson,18,92,True
Taylor White,19,58,True
Kevin Garcia,19,97,True
Taylor Wilson,22,68,True
Nicholas Thomas,23,63,True
Kevin Sanchez,25,66,True
Emily Miller,24,67,True
Alex Smith,23,99,True
James Martin,20,97,True
Ryan Scott,24,85,True
John Garcia,19,94,True
Amanda King,18,73,True
Kimberly Scott,20,77,True
James Williams,22,73,True
Alex Gonzalez,21,93,True
Nicole Davis,23,99,True
