Name,Age,Marks
Jessica Johnson,22,65
Brian Rodriguez,19,93
Timothy Miller,24,52
Jane Miller,21,64
Jeffrey Adams,18,85
William King,24,64
Ryan Baker,22,50
Robert Walker,23,67
Amanda Thomas,23,56
Sarah Clark,19,72
Christopher Adams,22,52
Amber King,19,74
Sarah Scott,22,90
Chelsea Harris,21,95
Michael Williams,21,99
Matthew Miller,21,56
Joseph Jackson,25,90
Brittany Martinez,23,72
Stephanie Jackson,19,88
Robert King,21,60
Amber Clark,22,90
Taylor Hernandez,23,99
Emily Hernandez,18,70
Rachel Jackson,19,63
Gary Lopez,21,91
Kayla Lewis,25,59
Kevin Rodriguez,21,97
Taylor King,22,97
Kimberly Walker,24,73
Brian Rodriguez,25,55
Emily Garcia,20,90
Robert Walker,19,74
Joseph Adams,25,83
Kevin Scott,18,93
Jessica King,22,99
Megan Garcia,22,77
Robert Hall,18,96
Kevin Sanchez,20,82
David White,21,59
Brittany Martinez,18,88
Daniel Allen,18,57
Brittany White,21,53
Nicole Green,19,55
Kayla Jones,20,58
Joshua Scott,20,66
Danielle Adams,24,63
Timothy Taylor,22,75
Brittany Perez,25,57
Nicole Hernandez,19,71
Jane Baker,21,87
Brian Smith,19,95
Emily Hernandez,19,52
Megan Jones,21,67
Kayla Thomas,20,96
Gary Green,25,65
Joshua Robinson,21,56
David Walker,23,77
Andrew Hall,18,93
David Brown,24,96
Megan Davis,21,62
William King,25,58
Lauren Anderson,22,79
Nicole Jones,25,85
David Brown,18,55
Nicole Martinez,24,81
Joshua Thomas,24,53
Robert Clark,18,74
Kevin Hall,22,77
Taylor Allen,20,62
Matthew Thomas,18,87
Timothy Brown,23,53
Emily Baker,25,82
Danielle Martinez,18,82
Sarah Anderson,19,88
Michael Moore,24,57
Gary Moore,18,89
Sarah Robinson,23,66
Stephanie Lopez,21,66
Rachel Rodriguez,22,79
Daniel Jones,18,79
Chelsea Green,19,54
Timothy Thomas,22,58
Christopher Jones,21,73
Matthew Martinez,25,84
Ashley Nelson,18,92
Taylor White,19,58
Kevin Garcia,19,97
Taylor Wilson,22,68
Nicholas Thomas,23,63
Kevin Sanchez,25,66
Emily Miller,24,67
Alex Smith,23,99
James Martin,20,97
Ryan Scott,24,85
John Garcia,19,94
Amanda King,18,73
Kimberly Scott,20,77
James Williams,22,73
Alex Gonzalez,21,93
Nicole Davis,23,99
